02/01/18,12860.92969,12902.71973,12842.26953,12902.71973,12902.71973,3357250000
03/01/18,12910.62988,12963.38965,12906.99023,12957.28027,12957.28027,3538660000
04/01/18,12999.53027,13045.16016,12999.53027,13028.45996,13028.45996,3695260000
05/01/18,13066.37012,13104.51953,13039.08008,13103.23047,13103.23047,3236620000
08/01/18,13096.65039,13117.24023,13065.24023,13114.34961,13114.34961,3242650000
09/01/18,13123.83008,13156.87988,13110.90039,13120.83984,13120.83984,3453480000
10/01/18,13108.23047,13131.11035,13070.83984,13106.59961,13106.59961,3576350000
11/01/18,13106.59961,13210.76953,13106.59961,13210.76953,13210.76953,3641320000
12/01/18,13240.95996,13299.19043,13237.54981,13294.32031,13294.32031,3573970000
16/01/18,13343.82031,13371.96973,13215.25977,13246.86035,13246.86035,4325970000
17/01/18,13282.48047,13376.79981,13255.37988,13352.38965,13352.38965,3778050000
18/01/18,13341.75977,13353.13965,13299.92969,13315.91016,13315.91016,3681470000
19/01/18,13342.95996,13384.45996,13331.7002,13384.45996,13384.45996,3639430000
22/01/18,13388.32031,13470.40039,13381.33008,13470.37012,13470.37012,3471780000
23/01/18,13461.87012,13482.41992,13434.94043,13474.11035,13474.11035,3519650000
24/01/18,13520.07031,13556.37988,13452.75,13507.66016,13507.66016,4014070000
25/01/18,13548.87012,13555.50977,13479.57031,13512.66016,13512.66016,3835150000
26/01/18,13547.28027,13637.01953,13539.2002,13637.01953,13637.01953,3443230000
29/01/18,13592.79981,13605.91016,13520.67969,13524.65039,13524.65039,3573830000
30/01/18,13441.24023,13458.54004,13369.41992,13375.50977,13375.50977,3990650000
31/01/18,13416.83008,13443.25,13320.37012,13367.95996,13367.95996,4261280000
01/02/18,13338.99023,13414.78027,13324.32031,13381.96973,13381.96973,3938450000
02/02/18,13294.34961,13294.34961,13075.87988,13085.34961,13085.34961,4301130000
05/02/18,12974.19043,13050.16016,12518.20996,12572.92969,12572.92969,5283460000
06/02/18,12386.83984,12779.15039,12337.75977,12745.4502,12745.4502,5891660000
07/02/18,12696.9502,12866.58008,12685.42969,12687.17969,12687.17969,4626570000
08/02/18,12701.87988,12701.87988,12270.65039,12270.65039,12270.65039,5305440000
09/02/18,12364.30957,12484.61035,12048.66016,12405.82031,12405.82031,5680070000
12/02/18,12496.34961,12627.41016,12416.91016,12560.12012,12560.12012,4055790000
13/02/18,12512.29981,12599.71973,12481.98047,12574.37012,12574.37012,3472870000
14/02/18,12515.49023,12761.42969,12504.24023,12746.71973,12746.71973,4003740000
15/02/18,12817.17969,12857.71973,12695.24023,12856.87012,12856.87012,3684910000
16/02/18,12826.90039,12961.12012,12826.90039,12874.36035,12874.36035,3637460000
20/02/18,12817.13965,12855.71973,12730.00977,12763.33984,12763.33984,3627610000
21/02/18,12777.36035,12896.92969,12695.30957,12695.53027,12695.53027,3779400000
22/02/18,12732.82031,12828,12687.24023,12711.75,12711.75,3701270000
23/02/18,12766.12988,12885.12988,12755.33984,12884.11035,12884.11035,3189190000
26/02/18,12922.16016,13005.50977,12881.98047,12999.62012,12999.62012,3424650000
27/02/18,12986.94043,13018.15039,12819.21973,12819.21973,12819.21973,3745080000
28/02/18,12852.11035,12873.84961,12650.80957,12652.54981,12652.54981,4230660000
01/03/18,12644.42969,12716.4502,12435.87012,12518.73047,12518.73047,4503970000
02/03/18,12444.65039,12576.55957,12391.20996,12557.99023,12557.99023,3882450000
05/03/18,12498.4502,12710.57031,12482.78027,12680.73047,12680.73047,3710810000
06/03/18,12722.30957,12735.44043,12648.25,12720.76953,12720.76953,3370690000
07/03/18,12634.04004,12724.83984,12603.5,12707.00977,12707.00977,3393270000
08/03/18,12725.16016,12754.32031,12672.36035,12745.00977,12745.00977,3212320000
09/03/18,12802.13965,12918.82031,12782.92969,12918.82031,12918.82031,3364100000
12/03/18,12930.42969,12963.41992,12881.16992,12898.40039,12898.40039,3185020000
13/03/18,12938.5,12963.08984,12809.07031,12831.75,12831.75,3301650000
14/03/18,12874.51953,12892.90039,12743.90039,12762.66992,12762.66992,3391360000
15/03/18,12788.16016,12813.59961,12722.92969,12743.61035,12743.61035,3500330000
16/03/18,12752.69043,12821.86035,12752.69043,12784.38965,12784.38965,5372340000
19/03/18,12755.54981,12755.54981,12580.07031,12651.45996,12651.45996,3302130000
20/03/18,12663.25,12692.53027,12643.58984,12663.63965,12663.63965,3261030000
21/03/18,12663.66016,12776.33008,12654.71973,12683.75977,12683.75977,3415510000
22/03/18,12574.16016,12597.09961,12369.73047,12377.38965,12377.38965,3739800000
23/03/18,12413.61035,12449.03027,12166.54004,12177.7002,12177.7002,3815080000
26/03/18,12327.05957,12444.40039,12241.48047,12433.15039,12433.15039,3511100000
27/03/18,12466.38965,12517.25977,12246.41016,12302.54004,12302.54004,3706350000
28/03/18,12325.29004,12399.23047,12271.03027,12308.90039,12308.90039,3864500000
29/03/18,12356.19043,12512,12356.08008,12452.05957,12452.05957,3565990000
02/04/18,12432.88965,12441.84961,12107.71973,12216.70996,12216.70996,3598520000
03/04/18,12274.25977,12380.25,12220.20996,12367.07031,12367.07031,3392810000
04/04/18,12218.91016,12482.70996,12193.84961,12466.4502,12466.4502,3350340000
05/04/18,12512.41992,12605.08008,12509.91016,12571.94043,12571.94043,3178970000
06/04/18,12511.59961,12552.46973,12263.92969,12349.11035,12349.11035,3299700000
09/04/18,12412.94043,12532.84961,12374.91992,12380.54981,12380.54981,3062960000
10/04/18,12380.55957,12601.25,12380.55957,12565.96973,12565.96973,3543930000
11/04/18,12509.38965,12580.98047,12501.28027,12514.58984,12514.58984,3020760000
12/04/18,12558.98047,12623.70996,12552.71973,12580.21973,12580.21973,3021320000
13/04/18,12580.21973,12640.87988,12503.66992,12546.04981,12546.04981,2960910000
16/04/18,12601.40039,12660.11035,12573.04004,12628.20996,12628.20996,3019700000
17/04/18,12680.38965,12733.67969,12665.49023,12705.75977,12705.75977,3234360000
18/04/18,12737.12988,12774.37012,12722.09961,12732.84961,12732.84961,3383410000
19/04/18,12714.61035,12716.9502,12622.01953,12671.48047,12671.48047,3349370000
20/04/18,12670.91992,12680.87012,12571.20996,12607.16016,12607.16016,3388590000
23/04/18,12618.07031,12640.16016,12567.21973,12610.76953,12610.76953,3017480000
24/04/18,12659.92969,12675.92969,12442.92969,12514,12514,3706740000
25/04/18,12491.42969,12539.58984,12408.78027,12517.86035,12517.86035,3499440000
26/04/18,12539.65039,12621.16016,12521.84961,12582.90039,12582.90039,3665720000
27/04/18,12567.66992,12614.88965,12552.96973,12594.01953,12594.01953,3219030000
30/04/18,12615.34961,12641.92969,12515.36035,12515.36035,12515.36035,3734530000
01/05/18,12490.24023,12493.07031,12388.9502,12493.01953,12493.01953,3559850000
02/05/18,12486.11035,12521.65039,12402.28027,12418.05957,12418.05957,4010770000
03/05/18,12395.46973,12419.7002,12255.84961,12392.5,12392.5,3851470000
04/05/18,12335.41016,12527.92969,12310.90039,12493.34961,12493.34961,3327220000
07/05/18,12493.34961,12567.7002,12492.83984,12519.75,12519.75,3237960000
08/05/18,12498.16016,12522.34961,12458.25,12520.24023,12520.24023,3717570000
09/05/18,12565.23047,12652.11035,12555.17969,12632.49023,12632.49023,3909500000
10/05/18,12660.23047,12748.57031,12653.80957,12731.63965,12731.63965,3333050000
11/05/18,12748.91016,12788.75,12730.58984,12761.82031,12761.82031,2862700000
14/05/18,12791.88965,12821.54004,12755.45996,12772.03027,12772.03027,2972660000
15/05/18,12711.87988,12727.29004,12668.75,12704.62988,12704.62988,3290680000
16/05/18,12710.62988,12764.54981,12706.74023,12743.79981,12743.79981,3202670000
17/05/18,12741.54004,12787.12012,12714.11035,12747.83008,12747.83008,3475400000
18/05/18,12735.11035,12740.26953,12700.53027,12717.41992,12717.41992,3368690000
21/05/18,12771.57031,12814.7002,12771.57031,12804.00977,12804.00977,3019890000
22/05/18,12832.16992,12853.33008,12760.08984,12766.65039,12766.65039,3366310000
23/05/18,12701.58008,12743.41992,12670.07031,12743.40039,12743.40039,3326290000
24/05/18,12715.29981,12723.08984,12625.69043,12696.69043,12696.69043,3256030000
25/05/18,12646.58008,12652.29004,12606.86035,12634.94043,12634.94043,2995260000
29/05/18,12516.54981,12543.69043,12391.15039,12442.69043,12442.69043,3736890000
30/05/18,12514.33008,12647.91992,12514.33008,12625.87012,12625.87012,3561050000
31/05/18,12606.24023,12606.24023,12499.69043,12527.13965,12527.13965,4235370000
01/06/18,12596.67969,12635.11035,12595.91016,12620.83008,12620.83008,3684130000
04/06/18,12620.83008,12705.04981,12620.83008,12673.91016,12673.91016,3376510000
05/06/18,12673.91016,12677.9502,12623.41992,12658.7002,12658.7002,3517790000
06/06/18,12696.53027,12778.51953,12681.61035,12778.23047,12778.23047,3651640000
07/06/18,12797.92969,12826.88965,12750.45996,12788.5,12788.5,3711330000
08/06/18,12778.21973,12833.57031,12759.4502,12832.07031,12832.07031,3123210000
11/06/18,12845.08008,12888.98047,12842.79981,12856.95996,12856.95996,3232330000
12/06/18,12861.66016,12877.23047,12822.92969,12844.70996,12844.70996,3401010000
13/06/18,12856.15039,12859.00977,12784.30957,12785.4502,12785.4502,3779230000
14/06/18,12812.12988,12823.80957,12761.50977,12771.9502,12771.9502,3526890000
15/06/18,12727.38965,12746.57031,12659.96973,12734.63965,12734.63965,5428790000
18/06/18,12660.66992,12711.67969,12639.25,12708.62988,12708.62988,3287150000
19/06/18,12708.62988,12708.62988,12569.9502,12638.98047,12638.98047,3661470000
20/06/18,12676.37012,12684.66016,12634.4502,12648.74023,12648.74023,3327600000
21/06/18,12620.40039,12622.54004,12539.83008,12560.23047,12560.23047,3300060000
22/06/18,12653.33984,12677.7002,12634.73047,12639.57031,12639.57031,5450550000
25/06/18,12584.9502,12584.9502,12424.03027,12481.59961,12481.59961,3655080000
26/06/18,12501.33984,12544.78027,12466.12012,12510.54981,12510.54981,3555090000
27/06/18,12528.44043,12594.45996,12412.00977,12412.07031,12412.07031,3776090000
28/06/18,12412.19043,12503.7002,12377.04004,12475.98047,12475.98047,3428140000
29/06/18,12537.19043,12607.38965,12504.25,12504.25,12504.25,3565620000
02/07/18,12430.7002,12486.54004,12400.54004,12485.58008,12485.58008,3073650000
03/07/18,12542.33008,12576.82031,12484.59961,12494.7002,12494.7002,1911470000
05/07/18,12553.78027,12587.91992,12512.5,12585.20996,12585.20996,2953420000
06/07/18,12578.86035,12684.34961,12561.95996,12664.87988,12664.87988,2554780000
09/07/18,12712.33008,12779.76953,12712.33008,12776.91992,12776.91992,3050040000
10/07/18,12795.45996,12820.08008,12782.76953,12814.63965,12814.63965,3063850000
11/07/18,12737.96973,12756.04004,12665.59961,12681.58984,12681.58984,2964740000
12/07/18,12746.71973,12771.98047,12709.28027,12761.45996,12761.45996,2821690000
13/07/18,12744.79981,12783.24023,12727.75977,12769.5,12769.5,2614000000
16/07/18,12758.51953,12766.17969,12717.07031,12748.78027,12748.78027,2812230000
17/07/18,12731.48047,12797.58008,12725.99023,12779.21973,12779.21973,3050730000
18/07/18,12786.25977,12825.69043,12770.32031,12823.23047,12823.23047,3089780000
19/07/18,12786.37012,12815,12751.79981,12786.48047,12786.48047,3266700000
20/07/18,12778.21973,12807.98047,12770.19043,12789.91016,12789.91016,3230210000
23/07/18,12788.5,12803.16992,12765.58008,12794.04981,12794.04981,2907430000
24/07/18,12836.62988,12883.04981,12814.04004,12847.49023,12847.49023,3417530000
25/07/18,12836.36035,12940.26953,12820.57031,12933.62988,12933.62988,3553010000
26/07/18,12929.79004,12985.57031,12929.79004,12953.38965,12953.38965,3653330000
27/07/18,12967.37988,12978.82031,12886.58984,12921.33984,12921.33984,3415710000
30/07/18,12936.78027,12961.90039,12895.62012,12903.42969,12903.42969,3245770000
31/07/18,12903.42969,12989.45996,12903.42969,12963.28027,12963.28027,3892100000
01/08/18,12949.84961,12961.69043,12879.46973,12902.38965,12902.38965,3496990000
02/08/18,12818.58984,12904.75,12803.90039,12898.07031,12898.07031,3467380000
03/08/18,12893.91992,12955.76953,12893.29981,12953.33984,12953.33984,3030390000
06/08/18,12939.76953,12985.48047,12918.80957,12964.26953,12964.26953,2874540000
07/08/18,13011.29981,13039.55957,12997.28027,12999.58984,12999.58984,3162770000
08/08/18,12995.91992,13007.65039,12966.82031,12987.91016,12987.91016,2972200000
09/08/18,12983.25,13001.66992,12949.91016,12956.66016,12956.66016,3047050000
10/08/18,12868.09961,12878.03027,12818.00977,12843.49023,12843.49023,3256040000
13/08/18,12836.65039,12853.16992,12746.00977,12763.66016,12763.66016,3158450000
14/08/18,12791.9502,12849.49023,12791.9502,12835.30957,12835.30957,2976970000
15/08/18,12752.5,12752.5,12648.32031,12723.08984,12723.08984,3645070000
16/08/18,12784.75977,12875.41016,12784.75977,12841.28027,12841.28027,3219880000
17/08/18,12839.71973,12928.17969,12834.11035,12908.25977,12908.25977,3024100000
20/08/18,12930.15039,12973.55957,12929.42969,12965.09961,12965.09961,2748020000
21/08/18,12998.04004,13032.25,12993.9502,12996.75977,12996.75977,3147140000
22/08/18,13007.57031,13013.05957,12983.01953,12990.50977,12990.50977,2689560000
23/08/18,12978.58984,12988.20996,12922.83984,12933.45996,12933.45996,2713910000
24/08/18,12968.82031,13011.69043,12964.29981,12999.44043,12999.44043,2596190000
27/08/18,13043.42969,13110.7002,13043.42969,13102.03027,13102.03027,2854080000
28/08/18,13125.33984,13130.49023,13075.13965,13084.79981,13084.79981,2683190000
29/08/18,13098.84961,13148.41992,13074.82031,13132.16016,13132.16016,2791860000
30/08/18,13094.78027,13094.78027,13019.44043,13039.92969,13039.92969,2802180000
31/08/18,13007.37012,13037.08984,12965.48047,13016.88965,13016.88965,2880260000
04/09/18,12976.04981,12984.2002,12928.29004,12969.86035,12969.86035,3077060000
05/09/18,12944.04981,12977.09961,12908.00977,12968.54981,12968.54981,3241250000
06/09/18,12960.20996,12993.16016,12900.82031,12938.91016,12938.91016,3139590000
07/09/18,12898.38965,12939.91992,12875.62988,12911.12012,12911.12012,2946270000
10/09/18,12952.08984,12994.83984,12928.12012,12928.66992,12928.66992,2731400000
11/09/18,12896.76953,12968.90039,12873.37988,12952.29981,12952.29981,2899660000
12/09/18,12952.30957,13017.46973,12952.30957,12990.09961,12990.09961,3264930000
13/09/18,13022.62988,13055.33984,13000.71973,13034.61035,13034.61035,3254930000
14/09/18,13042.37988,13064.87988,13014.49023,13050.51953,13050.51953,3149800000
17/09/18,13059.23047,13073.95996,13020.58008,13031.91016,13031.91016,2947760000
18/09/18,13044.92969,13112.37988,13038.66016,13091.98047,13091.98047,3074610000
19/09/18,13105.12988,13155.16992,13103.59961,13121.96973,13121.96973,3280020000
20/09/18,13183.66016,13238.74023,13173.70996,13225.11035,13225.11035,3337730000
21/09/18,13243.41992,13261.76953,13228.74023,13236.44043,13236.44043,5607610000
24/09/18,13235.20996,13237.80957,13148.66992,13162.04981,13162.04981,3372210000
25/09/18,13203.90039,13215.25977,13154.55957,13160.59961,13160.59961,3285480000
26/09/18,13164.82031,13203.98047,13093.08984,13101.95996,13101.95996,3388620000
27/09/18,13111.99023,13164.67969,13097.08984,13105.71973,13105.71973,3060850000
28/09/18,13071.40039,13121.34961,13065.92969,13082.51953,13082.51953,3432300000
01/10/18,13146.29981,13169.79981,13099.94043,13125.34961,13125.34961,3364190000
02/10/18,13108.74023,13129.01953,13069.15039,13106.00977,13106.00977,3401880000
03/10/18,13146.67969,13175.61035,13101.13965,13118.54981,13118.54981,3598710000
04/10/18,13089.23047,13099.37012,12975.87012,13042.29981,13042.29981,3496860000
05/10/18,13043.46973,13069.12988,12935.65039,12991.9502,12991.9502,3328980000
08/10/18,12955.69043,13014.91992,12913.36035,13000.13965,13000.13965,3330320000
09/10/18,12970.17969,13008.51953,12926.16016,12960.4502,12960.4502,3520500000
10/10/18,12952.12012,12952.70996,12620.28027,12622.12988,12622.12988,4501250000
11/10/18,12574.58984,12625.91992,12299.04981,12349.53027,12349.53027,4890630000
12/10/18,12485.24023,12501.55957,12304.83984,12439.41992,12439.41992,3966040000
15/10/18,12437.74023,12519.12012,12408.7002,12425.67969,12425.67969,3300140000
16/10/18,12425.67969,12653.88965,12425.67969,12645.9502,12645.9502,3428340000
17/10/18,12612.17969,12646.45996,12507.92969,12613.04981,12613.04981,3321710000
18/10/18,12570.66016,12601.79004,12397.25,12445.48047,12445.48047,3616440000
19/10/18,12469.7002,12558.61035,12434.91992,12457.26953,12457.26953,3566490000
22/10/18,12474.15039,12489.79981,12354.04004,12374.75977,12374.75977,3307140000
23/10/18,12234.99023,12343.45996,12108.44043,12287.44043,12287.44043,4348580000
24/10/18,12274.37988,12290.24023,11957.12988,11969.74023,11969.74023,4709310000
25/10/18,12023.5,12187.84961,11993.2002,12118.84961,12118.84961,4634770000
26/10/18,12006.75977,12082.50977,11847.79004,11976.9502,11976.9502,4803150000
29/10/18,12084.49023,12178.87988,11820.33008,11942.50977,11942.50977,4673700000
30/10/18,11961.59961,12139.2002,11952.70996,12129.94043,12129.94043,5106380000
31/10/18,12198.65039,12306.04004,12198.65039,12208.05957,12208.05957,5112420000
01/11/18,12208.05957,12363.32031,12208.05957,12356.5,12356.5,4708420000
02/11/18,12410.73047,12449.94043,12230.32031,12321.79981,12321.79981,4237930000
05/11/18,12381.69043,12450.12988,12368.19043,12424.30957,12424.30957,3623320000
06/11/18,12413.34961,12482.75977,12413.34961,12480.05957,12480.05957,3510860000
07/11/18,12582.57031,12682.05957,12536.12012,12679.09961,12679.09961,3914750000
08/11/18,12644.58008,12675.57031,12580.29981,12622.04004,12622.04004,3630490000
09/11/18,12566.33008,12569.25,12474.87988,12537.53027,12537.53027,4019090000
12/11/18,12517.73047,12523.00977,12330.79981,12343.50977,12343.50977,3670930000
13/11/18,12365.25977,12446.24023,12301.26953,12328.29981,12328.29981,4091440000
14/11/18,12398.92969,12435.65039,12202.41992,12275.49023,12275.49023,4402370000
15/11/18,12194.69043,12379.12988,12147.66992,12361.51953,12361.51953,4179140000
16/11/18,12329.42969,12433.71973,12308.61035,12400.28027,12400.28027,3975180000
19/11/18,12388.11035,12407.82031,12234.24023,12280.91016,12280.91016,3772900000
20/11/18,12150.2002,12161.32031,12016.08008,12048.66016,12048.66016,4357900000
21/11/18,12108.71973,12202.62988,12108.71973,12123.33984,12123.33984,3233550000
23/11/18,12034.67969,12087.16992,12016.75977,12036.24023,12036.24023,1651650000
26/11/18,12111.2002,12199.58008,12111.2002,12181.59961,12181.59961,3443950000
27/11/18,12137.87988,12190.41016,12111.70996,12188.07031,12188.07031,3485220000
28/11/18,12225.73047,12418.48047,12174.4502,12417.62988,12417.62988,3951670000
29/11/18,12384.98047,12453.62012,12336.41992,12389.37012,12389.37012,3560770000
30/11/18,12373,12464.41016,12358.86035,12457.54981,12457.54981,4658580000
03/12/18,12609.7002,12624.75,12500.36035,12577.54004,12577.54004,4186060000
04/12/18,12555.01953,12566.16992,12212.51953,12221.98047,12221.98047,4463840000
06/12/18,12032.49023,12144.5,11852.83008,12144.41016,12144.41016,0
07/12/18,12156.83008,12228.91016,11897.76953,11941.92969,11941.92969,4216690000
10/12/18,11922.71973,11939.04004,11696.58008,11889.29004,11889.29004,4151030000
11/12/18,11982.78027,12044,11805.71973,11860.65039,11860.65039,3905870000
12/12/18,12008.58984,12074.91016,11941.82031,11943.29004,11943.29004,3955890000
13/12/18,11985.78027,12011.40039,11892.78027,11936.16016,11936.16016,3927720000
14/12/18,11845.36035,11882.36035,11730.83984,11755.37988,11755.37988,4035020000
17/12/18,11712.80957,11752.74023,11480.08008,11532.12012,11532.12012,4616350000
18/12/18,11601.00977,11648.04981,11449.75,11502.16016,11502.16016,4470880000
19/12/18,11540.17969,11677.5,11313.03027,11371.83984,11371.83984,5127940000
20/12/18,11342.94043,11394.71973,11127.30957,11222.79004,11222.79004,5585780000
21/12/18,11198.88965,11364.13965,11013.41992,11036.83984,11036.83984,7609010000
24/12/18,10976.23047,10995.90039,10769.80957,10769.83008,10769.83008,2613930000
26/12/18,10801.46973,11204.45996,10724.19043,11204.08984,11204.08984,4233990000
27/12/18,11081.87012,11285.32031,10934.11035,11285.30957,11285.30957,4096610000
28/12/18,11343.86035,11416.51953,11252.23047,11290.9502,11290.9502,3702620000
31/12/18,11338.24023,11378.19043,11270.62988,11374.38965,11374.38965,3442870000
02/01/19,11238.76953,11407.79981,11204.28027,11383.53027,11383.53027,3733160000
03/01/19,11343.79004,11343.79004,11169.45996,11190.44043,11190.44043,3822860000
04/01/19,11323.73047,11559.01953,11323.73047,11533.33984,11533.33984,4213410000
07/01/19,11536.04981,11678.96973,11504.76953,11605.95996,11605.95996,4104710000
08/01/19,11702.5,11727.75,11621.15039,11716.23047,11716.23047,4081030000
09/01/19,11758.03027,11811.67969,11712.37012,11778.41992,11778.41992,4052480000
10/01/19,11731.54981,11843.59961,11701.80957,11839.30957,11839.30957,3704500000
11/01/19,11806.75,11851.54981,11762.49023,11848.00977,11848.00977,3434490000
14/01/19,11767.53027,11827.63965,11745.57031,11799.11035,11799.11035,3664450000
15/01/19,11798.03027,11877.41992,11798.03027,11868.67969,11868.67969,3572330000
16/01/19,11884.96973,11944.2002,11882.91016,11907.61035,11907.61035,3863770000
17/01/19,11873.82031,12033.58008,11862.42969,11994.54004,11994.54004,3772270000
18/01/19,12070.90039,12164.7002,12060.36035,12151.76953,12151.76953,3986730000
22/01/19,12075.40039,12075.40039,11940.91016,11999.37012,11999.37012,3908030000
23/01/19,12044.54981,12075.04981,11926.80957,12020.92969,12020.92969,3335610000
24/01/19,12006.19043,12048.12988,11969.04004,12029.4502,12029.4502,3433250000
25/01/19,12106.38965,12164.48047,12105.95996,12127.25,12127.25,3814080000
28/01/19,12040.66016,12066.58008,11984.86035,12065.11035,12065.11035,3612810000
29/01/19,12080.41992,12115.53027,12056.41992,12090.78027,12090.78027,3504200000
30/01/19,12130.00977,12266.54981,12104.21973,12222.38965,12222.38965,3867810000
31/01/19,12222.99023,12315.13965,12196.19043,12299.03027,12299.03027,4917650000
01/02/19,12312.25977,12350.54981,12287.20996,12329.69043,12329.69043,3759270000
04/02/19,12315.49023,12382.04981,12268.57031,12381.83008,12381.83008,3359840000
05/02/19,12409.04004,12431.9502,12378.40039,12428.25977,12428.25977,3560430000
06/02/19,12405.42969,12423.40039,12382.16992,12398.66992,12398.66992,3472690000
07/02/19,12345.54981,12347.61035,12215.30957,12295.21973,12295.21973,4099490000
08/02/19,12252.87012,12292.42969,12186.66016,12292.13965,12292.13965,3622330000
11/02/19,12304.79981,12320.12988,12274.9502,12297.90039,12297.90039,3361970000
12/02/19,12366.33984,12456.29004,12366.33984,12438.44043,12438.44043,3827770000
13/02/19,12462.91992,12510.87988,12452.44043,12474.88965,12474.88965,3670770000
14/02/19,12422.24023,12492.4502,12383.33008,12440.21973,12440.21973,3836700000
15/02/19,12503.48047,12603.83984,12503.48047,12603.46973,12603.46973,3641370000
19/02/19,12567.67969,12656.86035,12560.34961,12628.36035,12628.36035,3533710000
20/02/19,12627.61035,12695.54981,12624.05957,12673.66016,12673.66016,3835450000
21/02/19,12644.04981,12648.29004,12580.03027,12621.76953,12621.76953,3559710000
22/02/19,12654.38965,12700.05957,12644.15039,12694.51953,12694.51953,3427810000
25/02/19,12746.41016,12769.63965,12697.29004,12700.19043,12700.19043,3804380000
26/02/19,12685.32031,12729.25,12674.34961,12686.55957,12686.55957,3645680000
27/02/19,12680.91992,12706.12988,12637.84961,12689.87012,12689.87012,3767130000
28/02/19,12671.23047,12679.19043,12642.42969,12644.80957,12644.80957,4396930000
01/03/19,12698.23047,12740.40039,12645.57031,12700.66992,12700.66992,3972280000
04/03/19,12728.95996,12737.5,12537.79981,12637.26953,12637.26953,3919810000
05/03/19,12638.19043,12649.76953,12600.88965,12624.46973,12624.46973,3585690000
06/03/19,12622.49023,12623.78027,12529.23047,12538,12538,3786600000
07/03/19,12513.51953,12514.2002,12408.37988,12443.42969,12443.42969,3904860000
08/03/19,12364.69043,12418.29004,12336.49023,12415.12988,12415.12988,3423130000
11/03/19,12429.88965,12563.98047,12429.88965,12561.25977,12561.25977,3749030000
12/03/19,12576.75977,12611.46973,12571.04004,12582.80957,12582.80957,3414230000
13/03/19,12621.69043,12704.84961,12621.69043,12674.25977,12674.25977,3766150000
14/03/19,12668.78027,12685.38965,12637.44043,12660.16016,12660.16016,3469730000
15/03/19,12679.08008,12749.57031,12677.75977,12715.76953,12715.76953,5962730000
18/03/19,12732.26953,12786.79004,12726.46973,12781.41016,12781.41016,3552190000
19/03/19,12826.12012,12854.82031,12728.96973,12760.79004,12760.79004,3620220000
20/03/19,12749.61035,12789.37988,12658.25977,12700.25,12700.25,3771200000
21/03/19,12658.96973,12803.4502,12657.62988,12782.54004,12782.54004,3546800000
22/03/19,12709.26953,12716.87012,12533.29004,12539.41016,12539.41016,4237200000
25/03/19,12526.49023,12590.16992,12486.05957,12535.67969,12535.67969,3376580000
26/03/19,12598.4502,12672.73047,12578.87012,12641.36035,12641.36035,3266050000
27/03/19,12635.25,12662.5,12520.2002,12591.71973,12591.71973,3372930000
28/03/19,12601.20996,12641.07031,12555.83008,12632.58008,12632.58008,3158170000
29/03/19,12691.76953,12704.58984,12644.48047,12696.87988,12696.87988,3740700000
01/04/19,12775.83984,12843.9502,12773.53027,12836.03027,12836.03027,3500760000
02/04/19,12840.44043,12841.82031,12784.70996,12819.04981,12819.04981,3246900000
03/04/19,12819.05957,12882.57031,12803.87012,12833.59961,12833.59961,3550240000
04/04/19,12833.32031,12872.49023,12818.83008,12868.74023,12868.74023,3015180000
05/04/19,12889.37012,12927.90039,12880.19043,12927.71973,12927.71973,3146820000
08/04/19,12927.73047,12943.34961,12888.87012,12943.33984,12943.33984,3054030000
09/04/19,12892.04981,12892.04981,12834.4502,12849.70996,12849.70996,3007980000
10/04/19,12867.33984,12898.26953,12852.87988,12887.36035,12887.36035,3062380000
11/04/19,12892.62012,12910.40039,12856.24023,12887.12012,12887.12012,2938540000
12/04/19,12955.66016,12994.98047,12938.04981,12969.54004,12969.54004,3688490000
15/04/19,12979.26953,12983.25,12936.5,12956.67969,12956.67969,3088330000
16/04/19,12986.29981,13002.83984,12934.25,12952.24023,12952.24023,3402210000
17/04/19,12984.33008,12995.59961,12891.44043,12907.11035,12907.11035,3602300000
18/04/19,12912.17969,12938.75,12869.84961,12922.70996,12922.70996,3506850000
22/04/19,12900.41016,12920.82031,12886.79981,12914.28027,12914.28027,2997950000
23/04/19,12916.66992,13010.99023,12910.78027,12993.84961,12993.84961,3635030000
24/04/19,12993.86035,12993.86035,12938.54981,12951.62988,12951.62988,3448960000
25/04/19,12907.08008,12939.86035,12850.12012,12912.95996,12912.95996,3425280000
26/04/19,12923.66016,12991.29981,12910.87988,12991.2002,12991.2002,3248500000
29/04/19,12992.73047,13037,12990.75,13008.05957,13008.05957,3118780000
30/04/19,13027.50977,13067.03027,12968.9502,13060.65039,13060.65039,3919330000
01/05/19,13066.08008,13069.08984,12944.94043,12946.12988,12946.12988,3645850000
02/05/19,12939.04004,12970.65039,12860.61035,12929.55957,12929.55957,3778890000
03/05/19,12977.32031,13044.42969,12977.32031,13037.87988,13037.87988,3338120000
06/05/19,13037.87988,13037.87988,12851.07031,12976.66992,12976.66992,3181520000
07/05/19,12883.05957,12883.05957,12703.19043,12778.5,12778.5,3767100000
08/05/19,12766.96973,12834.76953,12748.37012,12766.69043,12766.69043,3485790000
09/05/19,12673.62012,12750.44043,12591.79004,12731.34961,12731.34961,3638820000
10/05/19,12702.07031,12820.2002,12569.83984,12788.13965,12788.13965,3529600000
13/05/19,12617.21973,12617.21973,12480.26953,12526.70996,12526.70996,3894030000
14/05/19,12560.99023,12686.53027,12559.62012,12620,12620,3322720000
15/05/19,12559.66016,12682.37988,12526.04004,12652.29004,12652.29004,3125950000
16/05/19,12676.04981,12800.90039,12676.04981,12738.36035,12738.36035,3338060000
17/05/19,12652.38965,12751.08984,12643.07031,12657.62988,12657.62988,3257950000
20/05/19,12615.66992,12668.53027,12582.50977,12616.79981,12616.79981,3288870000
21/05/19,12668.33008,12732.86035,12668.33008,12720.71973,12720.71973,3218700000
22/05/19,12682.51953,12703.79981,12651.9502,12671.99023,12671.99023,3192510000
23/05/19,12569.33984,12569.33984,12461.34961,12525,12525,3891980000
24/05/19,12595.54004,12617.45996,12539.29981,12581.36035,12581.36035,2887390000
28/05/19,12597.70996,12628.62988,12464.53027,12465.90039,12465.90039,4121410000
29/05/19,12398.24023,12405.11035,12309.12988,12386.20996,12386.20996,3700050000
30/05/19,12402.54004,12449.28027,12354.79004,12393.66016,12393.66016,3273790000
31/05/19,12280.78027,12318.45996,12238.40039,12264.49023,12264.49023,3981020000
03/06/19,12288.50977,12372.82031,12273.08984,12341.82031,12341.82031,3966700000
04/06/19,12341.82031,12564.37012,12341.82031,12560.58008,12560.58008,3810430000
05/06/19,12607.34961,12618.21973,12530.15039,12614.7002,12614.7002,3548830000
06/06/19,12631.08984,12710.66992,12606.12012,12675.66016,12675.66016,3396410000
07/06/19,12725.37988,12814.80957,12725.37988,12765.86035,12765.86035,3220250000
10/06/19,12821.49023,12859.62988,12798.29004,12802.03027,12802.03027,3209210000
11/06/19,12867.16992,12900.76953,12787.49023,12813.91016,12813.91016,3548420000
12/06/19,12797.86035,12818.59961,12772.33008,12784.83008,12784.83008,3034130000
13/06/19,12816.42969,12841.71973,12788.54004,12827.50977,12827.50977,3069810000
14/06/19,12808.88965,12813,12767.84961,12787.24023,12787.24023,2922330000
17/06/19,12789.67969,12808.12012,12769.53027,12775.51953,12775.51953,2810140000
18/06/19,12837.46973,12950.79981,12837.46973,12907.45996,12907.45996,3437620000
19/06/19,12924.26953,12972.48047,12908.41016,12954.08008,12954.08008,3287890000
20/06/19,12954.08008,13094.79981,12954.08008,13081.54004,13081.54004,3905940000
21/06/19,13068.36035,13095.57031,13037.87988,13047.24023,13047.24023,5000120000
24/06/19,13047.24023,13061.25,13015.91016,13019.98047,13019.98047,3136250000
25/06/19,13019.98047,13022.73047,12934.90039,12936.65039,12936.65039,3578050000
26/06/19,12936.65039,12977.91992,12911.99023,12912.00977,12912.00977,3478130000
27/06/19,12912.05957,12976.23047,12912.05957,12965.32031,12965.32031,3122920000
28/06/19,12965.54981,13055.86035,12965.54981,13049.70996,13049.70996,5420700000
01/07/19,13049.70996,13191.90039,13049.70996,13127.69043,13127.69043,3513270000
02/07/19,13127.69043,13152.9502,13105.03027,13152.54981,13152.54981,3206840000
03/07/19,13152.54981,13239.90039,13152.54981,13239.87012,13239.87012,1963720000
05/07/19,13231.79981,13231.79981,13114.83984,13210.91016,13210.91016,2434210000
08/07/19,13210.87012,13210.87012,13136.21973,13147.21973,13147.21973,2904550000
09/07/19,13147.20996,13147.20996,13091.90039,13136.88965,13136.88965,3028210000
10/07/19,13137.95996,13221.05957,13137.95996,13173.25977,13173.25977,3154240000
11/07/19,13173.25977,13211.74023,13150.50977,13198.71973,13198.71973,3154620000
12/07/19,13199.84961,13237.17969,13199.23047,13234.75977,13234.75977,2974960000
15/07/19,13234.75977,13255.12988,13220.23047,13233.38965,13233.38965,2874970000
16/07/19,13232.95996,13243.04981,13185.91016,13195.19043,13195.19043,3290650000
17/07/19,13195.19043,13201.53027,13119.2002,13119.96973,13119.96973,3181600000
18/07/19,13109.29004,13181.2002,13089.49023,13168.7002,13168.7002,3296580000
19/07/19,13168.7002,13205.08984,13111.94043,13111.99023,13111.99023,3260360000
22/07/19,13111.99023,13139.08008,13087.51953,13109.76953,13109.76953,3003720000
23/07/19,13109.90039,13203.07031,13109.90039,13197.51953,13197.51953,3313660000
24/07/19,13172.54981,13235.59961,13161.74023,13234.92969,13234.92969,3428980000
25/07/19,13234.92969,13234.92969,13146.65039,13169.29004,13169.29004,3645270000
26/07/19,13169.29004,13244.04981,13169.29004,13235.5,13235.5,3257590000
29/07/19,13235.49023,13249.04004,13212.79981,13222.61035,13222.61035,3203710000
30/07/19,13222.75977,13222.75977,13128.15039,13187.20996,13187.20996,3634330000
31/07/19,13187.20996,13196.84961,12979.37012,13066.59961,13066.59961,4623430000
01/08/19,13053.66016,13154.37988,12890.98047,12920.82031,12920.82031,4762300000
02/08/19,12885.32031,12887.25,12767.00977,12839.50977,12839.50977,3874660000
05/08/19,12666.29981,12666.29981,12408.25977,12497.30957,12497.30957,4513730000
06/08/19,12564.88965,12634.95996,12496.13965,12628.13965,12628.13965,4154240000
07/08/19,12627.55957,12663.33008,12414.11035,12632.95996,12632.95996,4491750000
08/08/19,12685.71973,12835.04981,12676.38965,12828.82031,12828.82031,4106370000
09/08/19,12793.24023,12811.4502,12689.66992,12748.41992,12748.41992,3350640000
12/08/19,12688.78027,12688.78027,12556.96973,12586.24023,12586.24023,2851630000
13/08/19,12589.76953,12789.08008,12552.30957,12724.36035,12724.36035,3853600000
14/08/19,12641.29004,12641.29004,12367.38965,12368.04981,12368.04981,4312530000
15/08/19,12386.25,12441.50977,12325.92969,12409.54004,12409.54004,4038000000
16/08/19,12442.23047,12597.69043,12442.23047,12580.41016,12580.41016,3498150000
19/08/19,12687.83008,12718.48047,12668.80957,12687.91016,12687.91016,3212880000
20/08/19,12687.91016,12687.91016,12597.80957,12599.41016,12599.41016,3066300000
21/08/19,12691.75977,12712.71973,12677.33008,12697.00977,12697.00977,3011190000
22/08/19,12724.20996,12750.26953,12631.86035,12688.45996,12688.45996,2890880000
23/08/19,12643.94043,12710.65039,12370.07031,12416.4502,12416.4502,3937300000
26/08/19,12430.73047,12528.98047,12430.73047,12519.62012,12519.62012,2857600000
27/08/19,12562.04004,12601.15039,12450.88965,12474.04981,12474.04981,3533630000
28/08/19,12467.37012,12570.99023,12426.05957,12559.23047,12559.23047,3097420000
29/08/19,12657.21973,12722.28027,12635.99023,12704.03027,12704.03027,3176190000
30/08/19,12740.16016,12785.40039,12687.12012,12736.87988,12736.87988,3008450000
03/09/19,12720.19043,12720.19043,12600.70996,12663.40039,12663.40039,3426790000
04/09/19,12757.25,12797,12746.25977,12796.32031,12796.32031,3163260000
05/09/19,12796.32031,12963.57031,12796.32031,12917.75977,12917.75977,3890700000
06/09/19,12933.50977,12960.59961,12915.92969,12933.37988,12933.37988,3208280000
09/09/19,12975.01953,12975.01953,12925.41016,12960.71973,12960.71973,4002890000
10/09/19,12954.29004,12993.96973,12900.80957,12993.95996,12993.95996,4390770000
11/09/19,13008.33008,13082.41016,12981.42969,13082.41016,13082.41016,3927550000
12/09/19,13096.23047,13150.87012,13061.74023,13116.04981,13116.04981,3791860000
13/09/19,13150.79981,13171.46973,13110.07031,13124.33984,13124.33984,3520060000
16/09/19,13134,13134,13080.41016,13107.98047,13107.98047,4274640000
17/09/19,13087.87012,13131.83984,13074.78027,13131.41016,13131.41016,3671840000
18/09/19,13109.62988,13125.58008,13024.94043,13119.30957,13119.30957,3435540000
19/09/19,13121.20996,13177.87988,13100.87988,13111.25,13111.25,3251290000
20/09/19,13148.41016,13171.37988,13074.26953,13093.79981,13093.79981,6094740000
23/09/19,13084.80957,13111.4502,13040.12988,13085.33008,13085.33008,3186590000
24/09/19,13087.74023,13128.04981,12961.23047,12992.25977,12992.25977,3868160000
25/09/19,12991.09961,13053.07031,12943.44043,13037.61035,13037.61035,3318870000
26/09/19,13042.2002,13061.86035,12985.03027,13028.74023,13028.74023,3077240000
27/09/19,13053.2002,13068.61035,12913.41992,12971.98047,12971.98047,3243650000
30/09/19,12988.88965,13037.80957,12988.88965,13004.74023,13004.74023,3247610000
01/10/19,13002.33008,13038.12988,12824.15039,12835.34961,12835.34961,3558040000
02/10/19,12742.08984,12742.08984,12557.07031,12608.42969,12608.42969,3912520000
03/10/19,12587.32031,12687.55957,12482.01953,12685.76953,12685.76953,3503640000
04/10/19,12689.92969,12835.20996,12689.92969,12831.54981,12831.54981,2990830000
07/10/19,12816.24023,12856.4502,12768.75977,12777.74023,12777.74023,2940140000
08/10/19,12734.54981,12734.54981,12589.80957,12590.91016,12590.91016,3356450000
09/10/19,12622.48047,12730.34961,12622.48047,12691.16016,12691.16016,2726820000
10/10/19,12688.58008,12802.75977,12682.19043,12766,12766,3217250000
11/10/19,12766,13025.25,12766,12926.91992,12926.91992,3580460000
14/10/19,12923.48047,12923.48047,12883.95996,12896.21973,12896.21973,2557020000
15/10/19,12897.03027,13044.83008,12897.03027,13006.04004,13006.04004,3340740000
16/10/19,12997.45996,13028.2002,12978.73047,12994.88965,12994.88965,3222570000
17/10/19,13030.50977,13078.12012,13021.40039,13039.23047,13039.23047,3115960000
18/10/19,13032.46973,13044.08008,12972.83984,13006.63965,13006.63965,3264290000
21/10/19,13019.25,13091.94043,13019.25,13088.61035,13088.61035,3271620000
22/10/19,13097.03027,13140.57031,13070.20996,13071.86035,13071.86035,3523890000
23/10/19,13076.37988,13114.61035,13062.74023,13114.38965,13114.38965,3392870000
24/10/19,13119.65039,13153.33008,13083.29004,13118.90039,13118.90039,3692600000
25/10/19,13106.20996,13170.69043,13088.94043,13146.24023,13146.24023,3370370000
28/10/19,13183.90039,13223.19043,13183.90039,13186.42969,13186.42969,3521230000
29/10/19,13170.90039,13239.2002,13156.75,13209.62988,13209.62988,3589930000
30/10/19,13215.87012,13248.65039,13152.95996,13244.00977,13244.00977,3776030000
31/10/19,13239.42969,13239.42969,13116.58008,13171.80957,13171.80957,4139280000
01/11/19,13231.17969,13300.34961,13231.17969,13300.26953,13300.26953,3930200000
04/11/19,13321.17969,13387.49023,13321.17969,13355.44043,13355.44043,4146850000
05/11/19,13368.24023,13385.03027,13323.05957,13339.58984,13339.58984,4486130000
06/11/19,13339.83984,13364.94043,13319.79004,13351.57031,13351.57031,4458190000
07/11/19,13376.92969,13436.96973,13376.92969,13395.54981,13395.54981,4144640000
08/11/19,13376.33984,13407.80957,13343.01953,13407.79981,13407.79981,3499150000
11/11/19,13347.29981,13395.65039,13333.91016,13388.12012,13388.12012,3035530000
12/11/19,13391.96973,13438.75977,13366.87988,13387.62012,13387.62012,3466010000
13/11/19,13387.62012,13400.79981,13325.51953,13385.04981,13385.04981,3509280000
14/11/19,13385.04981,13397.04004,13346.75977,13392,13392,3276070000
15/11/19,13432.75977,13492.95996,13426.98047,13492.95996,13492.95996,3335650000
18/11/19,13488.48047,13498.08008,13464.00977,13483.80957,13483.80957,3436690000
19/11/19,13489.78027,13508.87988,13448.26953,13466.34961,13466.34961,3590070000
20/11/19,13460.33984,13460.33984,13360.66016,13419.29981,13419.29981,4034890000
21/11/19,13420.33008,13430.70996,13366.99023,13406.41992,13406.41992,3720560000
22/11/19,13412.26953,13451.41992,13404.54004,13440.9502,13440.9502,3226780000
25/11/19,13471.51953,13534.58984,13471.51953,13532.88965,13532.88965,3511530000
26/11/19,13532.55957,13564.62988,13513.11035,13559.70996,13559.70996,4595590000
27/11/19,13577.51953,13611.49023,13563.33984,13607.62012,13607.62012,3033090000
29/11/19,13595.86035,13607.66992,13537.66992,13545.20996,13545.20996,1743020000
02/12/19,13554.29004,13554.29004,13443.09961,13448.25977,13448.25977,3268740000
03/12/19,13363.66016,13373.87988,13280.04004,13366.08984,13366.08984,3653390000
04/12/19,13408.08008,13484.41016,13408.08008,13457.96973,13457.96973,3695030000
05/12/19,13466.73047,13491.20996,13429.29981,13482.29981,13482.29981,3355750000
06/12/19,13515.48047,13612.05957,13515.48047,13588.29004,13588.29004,3479480000
09/12/19,13570.54004,13600.13965,13555.07031,13555.07031,13555.07031,3345990000
10/12/19,13551,13574.21973,13521.24023,13545.30957,13545.30957,3343790000
11/12/19,13554.08984,13590.74023,13547.67969,13579.91992,13579.91992,3252540000
12/12/19,13587.7002,13725.34961,13581.08008,13697.41016,13697.41016,3990690000
13/12/19,13711.25,13773.12988,13655.4502,13697.33984,13697.33984,3736870000
16/12/19,13781.65039,13825.75977,13781.65039,13795.15039,13795.15039,4051790000
17/12/19,13795.15039,13813.30957,13787.71973,13795.34961,13795.34961,3837540000
18/12/19,13805.2002,13819.7002,13790.24023,13799.20996,13799.20996,4014080000
19/12/19,13801.73047,13838.99023,13798.78027,13831.66992,13831.66992,3720450000
20/12/19,13831.66992,13914.28027,13831.66992,13889.25,13889.25,6454270000
23/12/19,13906.87012,13908.16016,13888.58984,13899.99023,13899.99023,3060610000
24/12/19,13902.95996,13902.95996,13885.55957,13895.13965,13895.13965,1296540000
26/12/19,13911.16016,13941.55957,13895.2002,13940.41992,13940.41992,2160680000
27/12/19,13976.84961,13978.61035,13928.15039,13944.13965,13944.13965,2428670000
30/12/19,13951.25977,13952.78027,13864.57031,13876.15039,13876.15039,3013290000
31/12/19,13852.59961,13915.74023,13843.98047,13913.03027,13913.03027,2893810000
02/01/20,13913.03027,14003.38965,13913.03027,14002.49023,14002.49023,3458250000
03/01/20,13877.48047,13950.74023,13870.74023,13917.04981,13917.04981,3461290000
06/01/20,13856.71973,13943.29981,13852.73047,13941.79981,13941.79981,3674070000
07/01/20,13911.19043,13923.50977,13880.53027,13898.4502,13898.4502,3420380000
08/01/20,13897.00977,13986.69043,13896.58984,13934.44043,13934.44043,3720890000
09/01/20,13974.07031,14004.41992,13960.16992,13997.65039,13997.65039,3638390000
10/01/20,14018.12012,14021.65039,13941.51953,13957.96973,13957.96973,3212970000
13/01/20,13980.46973,14042.65039,13963.87012,14042.65039,14042.65039,3456380000
14/01/20,14024.23047,14068.58008,14005.62988,14037.12988,14037.12988,3665130000
15/01/20,14022.29981,14089.94043,14021.17969,14053.23047,14053.23047,3716840000
16/01/20,14103.53027,14142.30957,14094.87988,14141.78027,14141.78027,3535080000
17/01/20,14168.13965,14183.25977,14156.40039,14183.2002,14183.2002,3698170000
21/01/20,14126.12012,14153.01953,14102.38965,14109.98047,14109.98047,4105340000
22/01/20,14147.88965,14168.2002,14104.05957,14110.24023,14110.24023,3619850000
23/01/20,14064.28027,14109.58984,14003.28027,14102.04004,14102.04004,3764860000
24/01/20,14120.01953,14120.01953,13920.57031,13978.46973,13978.46973,3707130000
27/01/20,13746.62988,13826.42969,13742.00977,13769.59961,13769.59961,3823100000
28/01/20,13812.65039,13913.58984,13798.33984,13877.61035,13877.61035,3526720000
29/01/20,13912.79004,13922.44043,13843.79004,13843.80957,13843.80957,3584500000
30/01/20,13745.2002,13869.63965,13699.80957,13861.91992,13861.91992,3787250000
31/01/20,13783.80957,13788.21973,13573.04004,13614.09961,13614.09961,4527830000
03/02/20,13655.88965,13765.33008,13655.88965,13677.91992,13677.91992,3757910000
04/02/20,13826.09961,13920.62988,13826.09961,13862.83984,13862.83984,3995320000
05/02/20,13964,14029.91016,13947.58984,14024.86035,14024.86035,4117730000
06/02/20,14066.90039,14069.33008,14023.48047,14034.9502,14034.9502,3868370000
07/02/20,13987.50977,13987.50977,13912.04004,13931.92969,13931.92969,3730650000
10/02/20,13904.01953,13984.54981,13899.53027,13984.48047,13984.48047,3450350000
11/02/20,13984.48047,14100.26953,13984.48047,14054.08008,14054.08008,3760550000
12/02/20,14117.83008,14148.24023,14108.51953,14136.98047,14136.98047,3926380000
13/02/20,14069.25,14132.87988,14049.12988,14099.04004,14099.04004,3498240000
14/02/20,14104.76953,14110.19043,14046.59961,14097.33984,14097.33984,3398040000
18/02/20,14047.91016,14072.69043,13990.7002,14039.00977,14039.00977,3746720000
19/02/20,14077.50977,14115.9502,14066.24023,14087.12988,14087.12988,3600150000
20/02/20,14061.04004,14104.91992,13955.75,14061.48047,14061.48047,4007320000
21/02/20,14014.62988,14014.62988,13931.12988,13975.78027,13975.78027,3899270000
24/02/20,13654,13654,13493.67969,13534.12012,13534.12012,4842960000
25/02/20,13570.20996,13582.74023,13110.08984,13143.73047,13143.73047,5591510000
26/02/20,13194.30957,13323.33984,13041.94043,13046.62012,13046.62012,5478110000
27/02/20,12841.40039,12977.17969,12544.99023,12547.25,12547.25,7058840000
28/02/20,12547.25,12547.25,12024.4502,12380.96973,12380.96973,8563850000
02/03/20,12441.42969,12830.12988,12316.17969,12827.99023,12827.99023,6376400000
03/03/20,12845.05957,13015.66016,12432.51953,12542.74023,12542.74023,6355940000
04/03/20,12696.61035,13011.4502,12673.90039,13009.95996,13009.95996,5035480000
05/03/20,12740.86035,12786.63965,12489.76953,12593.03027,12593.03027,5575550000
06/03/20,12593.03027,12593.03027,12106.74023,12352.03027,12352.03027,6552140000
09/03/20,11748.61035,11748.61035,11240.76953,11298.42969,11298.42969,8423050000
10/03/20,11635.21973,11794.00977,11246.51953,11793.26953,11793.26953,7635960000
11/03/20,11523.94043,11523.94043,11053.79004,11177.29004,11177.29004,7374110000
12/03/20,10466.7002,10646.91992,10054.46973,10060.75977,10060.75977,8829380000
13/03/20,10445.44043,10851.75,10060.34961,10851.74023,10851.74023,8258670000
16/03/20,10851.98047,10851.98047,9559.230469,9567.530273,9567.530273,7781540000
17/03/20,9726.179688,10154.16016,9484.650391,10063.36035,10063.36035,8358500000
18/03/20,9562.490234,9666.570313,8953.599609,9384.599609,9384.599609,8755780000
19/03/20,9313.759766,9622.209961,9048.360352,9461.30957,9461.30957,7946710000
20/03/20,9577.900391,9676.94043,9108.150391,9133.160156,9133.160156,9044690000
23/03/20,9014.580078,9053.490234,8664.94043,8777.379883,8777.379883,7402180000
24/03/20,9276.639648,9672.009766,9276.639648,9658.320313,9658.320313,7547350000
25/03/20,9749.799805,10303.90039,9591.740234,9961.379883,9961.379883,8285670000
26/03/20,10060.48047,10556.90039,10060.48047,10536.28027,10536.28027,7753160000
27/03/20,10135.73047,10449.21973,10064.5,10187.20996,10187.20996,6194330000
30/03/20,10238.12988,10455.76953,10131.59961,10434.74023,10434.74023,5746220000
31/03/20,10387.73047,10499.79981,10237.21973,10301.87012,10301.87012,6568290000
01/04/20,9917.30957,10029,9766.799805,9844.849609,9844.849609,5947900000
02/04/20,9815.269531,10142.00977,9813.509766,10062.37012,10062.37012,6454990000
03/04/20,10012.46973,10075.91016,9774.240234,9880.629883,9880.629883,6087190000
06/04/20,10264.12988,10560.73047,10233.04004,10515.24023,10515.24023,6391860000
07/04/20,10894.2002,10912.55957,10534.74023,10537.04004,10537.04004,7040720000
08/04/20,10641.50977,10939.96973,10538.65039,10902.58984,10902.58984,5856370000
09/04/20,11070.32031,11272.48047,11019.82031,11136.61035,11136.61035,7880140000
13/04/20,11136.61035,11136.61035,10817.15039,10949.53027,10949.53027,5274310000
14/04/20,11151.16016,11241.23047,11064.62988,11172.2002,11172.2002,5567400000
15/04/20,10861.96973,10903.05957,10760.95996,10843.91992,10843.91992,5203390000
16/04/20,10882.83008,10891.67969,10718.12988,10818.03027,10818.03027,5179990000
17/04/20,11101.32031,11231.26953,11030.41992,11208.29004,11208.29004,5792140000
20/04/20,11016.87988,11181.80957,10985.05957,11003.87988,11003.87988,5220160000
21/04/20,10763.66992,10861.79004,10667.29004,10706.44043,10706.44043,5075830000
22/04/20,10919.96973,10955.5,10844.75977,10908.55957,10908.55957,5049660000
23/04/20,10961.24023,11099,10905.83984,10916.67969,10916.67969,5756520000
24/04/20,11000.7002,11050.00977,10868.92969,11017.90039,11017.90039,5374480000
27/04/20,11106.03027,11301.30957,11086.95996,11264.83984,11264.83984,5194260000
28/04/20,11462.37988,11481.29981,11272.78027,11319.7002,11319.7002,5672880000
29/04/20,11546.40039,11675.29981,11513.08008,11618.23047,11618.23047,6620140000
30/04/20,11473.23047,11492.91016,11326.2002,11372.33984,11372.33984,6523120000
01/05/20,11158.87012,11187.76953,11011.45996,11058.57031,11058.57031,4753160000
04/05/20,10965.76953,11061.95996,10900.38965,11056.28027,11056.28027,4723140000
05/05/20,11188.96973,11259.2002,11124.69043,11135.40039,11135.40039,5129590000
06/05/20,11196.87012,11204.53027,10999.99023,10999.99023,10999.99023,4861920000
07/05/20,11140.92969,11228.25,11109.55957,11121.66992,11121.66992,5164640000
08/05/20,11281.29981,11360.11035,11237.50977,11354.33984,11354.33984,4857160000
11/05/20,11244.25,11345.42969,11205.40039,11281.37012,11281.37012,4807320000
12/05/20,11332.41992,11343.38965,11055.58008,11055.58008,11055.58008,5107710000
13/05/20,11035.23047,11038.37988,10747.80957,10829.44043,10829.44043,6143130000
14/05/20,10661.92969,10927.84961,10551.54981,10927.41016,10927.41016,5641920000
15/05/20,10927.41016,10968.16992,10817.12012,10947.32031,10947.32031,5477040000
18/05/20,11282.88965,11454.34961,11282.88965,11402.23047,11402.23047,6364290000
19/05/20,11374.23047,11409.66016,11248.54004,11248.96973,11248.96973,4969330000
20/05/20,11408.61035,11477.33008,11384.36035,11420.04004,11420.04004,4992970000
21/05/20,11393.91992,11447.25977,11287.42969,11351.59961,11351.59961,4966940000
22/05/20,11325.08008,11333.65039,11247.29004,11331.96973,11331.96973,3952800000
26/05/20,11636.54004,11676.95996,11590.30957,11603,11603,5837060000
27/05/20,11787.55957,11837.54981,11602.42969,11837.53027,11837.53027,6371230000
28/05/20,11935.87988,11939.74023,11783.21973,11804.91016,11804.91016,5402670000
29/05/20,11750.96973,11817.38965,11645.70996,11802.9502,11802.9502,7275080000
01/06/20,11799.91992,11928.79981,11781.87988,11900.24023,11900.24023,4673410000
02/06/20,11900.24023,12046.41016,11900.24023,12046.41016,12046.41016,5187230000
03/06/20,12175.05957,12329.29004,12175.05957,12302.19043,12302.19043,5989560000
04/06/20,12236.74023,12328.50977,12202.36035,12286.98047,12286.98047,6428130000
05/06/20,12640.98047,12752.13965,12600.7002,12641.44043,12641.44043,8617590000
08/06/20,12734.54004,12836.67969,12688.54981,12836.59961,12836.59961,8437380000
09/06/20,12635.59961,12682.74023,12578.54004,12619.51953,12619.51953,6382620000
10/06/20,12616.62988,12628.91016,12431.55957,12449.21973,12449.21973,6570840000
11/06/20,12090.12988,12099.17969,11636.00977,11659.16992,11659.16992,7018890000
12/06/20,11999.48047,12030.94043,11640.58984,11867.16992,11867.16992,5832250000
15/06/20,11565.82031,11997.65039,11525.36035,11942.91016,11942.91016,5740660000
16/06/20,12304.13965,12318.75,11992.98047,12161.46973,12161.46973,5829240000
17/06/20,12193.41016,12202.58008,12068.20996,12086.49023,12086.49023,4549390000
18/06/20,11994.45996,12110.2002,11984.70996,12072.58984,12072.58984,4429030000
19/06/20,12240.30957,12240.30957,11946.95996,11980.12012,11980.12012,8327780000
22/06/20,11963.29981,12045.65039,11907.21973,12028.91016,12028.91016,4665380000
23/06/20,12157.37012,12176.42969,12068.08984,12077.74023,12077.74023,4704830000
24/06/20,11956.29004,11961.62012,11650.91016,11726.54004,11726.54004,5587200000
25/06/20,11680.38965,11866.2002,11640.01953,11865.11035,11865.11035,4815420000
26/06/20,11796.40039,11814.00977,11578.80957,11604.42969,11604.42969,8098120000
29/06/20,11683.07031,11777.63965,11605.46973,11777.08008,11777.08008,4462770000
30/06/20,11736.75,11934.95996,11724.57031,11893.78027,11893.78027,4696280000
01/07/20,11907.83008,11982.23047,11858.82031,11901.54981,11901.54981,4443130000
02/07/20,12088.7002,12138.83008,11970.79981,11991.51953,11991.51953,4190830000
06/07/20,12181.29004,12218.19043,12114.32031,12160.00977,12160.00977,4736450000
07/07/20,12056.20996,12107.9502,11979.76953,11990.13965,11990.13965,4563700000
08/07/20,12023.57031,12095.17969,11971.88965,12086.38965,12086.38965,4927700000
09/07/20,12089.24023,12103.16016,11831.04004,11928.62988,11928.62988,4829020000
10/07/20,11935.29981,12079.11035,11906.20996,12075.58008,12075.58008,4515340000
13/07/20,12159.75,12242.67969,12000.98047,12014.66992,12014.66992,4890780000
14/07/20,11989.41016,12215.15039,11963.5,12014.66992,12014.66992,4476170000
15/07/20,12377.65039,12419.79981,12309.25977,12391.32031,12391.32031,4669760000
16/07/20,12310.17969,12381.37988,12295.69043,12350.11035,12350.11035,3961230000
17/07/20,12395.75977,12427.49023,12339.87012,12402.74023,12402.74023,3993830000
20/07/20,12413.15039,12432.76953,12352.71973,12392.98047,12392.98047,3971200000
21/07/20,12492.08008,12570.70996,12481.96973,12508.67969,12508.67969,4547960000
22/07/20,12508.67969,12578.98047,12480.73047,12569.07031,12569.07031,4255190000
23/07/20,12567.16992,12617.17969,12459.05957,12510.87012,12510.87012,4290460000
24/07/20,12488.67969,12522.19043,12427.66016,12461.78027,12461.78027,3894900000
27/07/20,12481.00977,12556.55957,12444.50977,12553.12988,12553.12988,3963910000
28/07/20,12515.83984,12563.4502,12482.26953,12491.21973,12491.21973,4027890000
29/07/20,12533.45996,12688.69043,12533.45996,12669.62012,12669.62012,4676300000
30/07/20,12491.45996,12544.79981,12393.79981,12533.28027,12533.28027,4254010000
31/07/20,12509.33008,12509.33008,12320.73047,12465.04981,12465.04981,5117260000
03/08/20,12513.20996,12562.26953,12470.46973,12536.80957,12536.80957,4643640000
04/08/20,12548.92969,12612.46973,12532.61035,12612.11035,12612.11035,4621670000
05/08/20,12612.08984,12751.36035,12612.08984,12731.54981,12731.54981,4732220000
06/08/20,12702.87988,12731.29004,12659.30957,12729.16992,12729.16992,4267490000
07/08/20,12655.7002,12766.04981,12650.67969,12765.83984,12765.83984,4104860000
10/08/20,12797.78027,12854.51953,12794.53027,12844.01953,12844.01953,4318570000
11/08/20,12996.42969,13003.58984,12826.87012,12849.42969,12849.42969,5087650000
12/08/20,12984.90039,13010.86035,12944.78027,12974.83008,12974.83008,3768560000
13/08/20,12914.7002,12965.58984,12885.50977,12919.15039,12919.15039,3648810000
14/08/20,12864.74023,12932.88965,12856.69043,12902.5,12902.5,3193400000
17/08/20,12942.30957,12954.91992,12917.71973,12936.11035,12936.11035,3671290000
18/08/20,12967.94043,12975.54004,12877.19043,12910.33008,12910.33008,3881310000
19/08/20,12931.08008,12946.80957,12843.28027,12859.87988,12859.87988,3884480000
20/08/20,12751.29004,12832.33008,12739,12812.86035,12812.86035,3642850000
21/08/20,12782.05957,12814.11035,12762.94043,12809.07031,12809.07031,3705420000
24/08/20,12904.9502,12973.40039,12881.40039,12972.87988,12972.87988,3728690000
25/08/20,13029.90039,13029.90039,12943.15039,13001.99023,13001.99023,3619300000
26/08/20,13006.17969,13057.86035,12975.95996,13042.54004,13042.54004,3754360000
27/08/20,13066.15039,13111.4502,13012.96973,13068.80957,13068.80957,3929560000
28/08/20,13115.37012,13173.96973,13066.71973,13170.95996,13170.95996,3855880000
31/08/20,13134.38965,13136.54981,13043.62988,13045.59961,13045.59961,4342290000
01/09/20,13032.04004,13113.92969,13004.16992,13113.74023,13113.74023,4083110000
02/09/20,13132.70996,13299.73047,13112.82031,13276.74023,13276.74023,4285190000
03/09/20,13253.79981,13285.08984,12887.59961,12966.13965,12966.13965,4898680000
04/09/20,13022.46973,13069.96973,12723.79004,12966.13965,12966.13965,4431440000
08/09/20,12777.54981,12816,12659.16016,12688.07031,12688.07031,4665600000
09/09/20,12806.24023,12969.45996,12803.74023,12885.79981,12885.79981,3920830000
10/09/20,12924.5,12964.2002,12688.32031,12706.69043,12706.69043,4192250000
11/09/20,12779.98047,12827.86035,12683.33984,12773.04004,12773.04004,3704450000
14/09/20,12868.30957,12970.57031,12858.17969,12932.69043,12932.69043,3832130000
15/09/20,13010.96973,13047.48047,12942.51953,12967.17969,12967.17969,4051460000
16/09/20,13013.45996,13128.67969,12990.7002,12997.86035,12997.86035,4710030000
17/09/20,12866.16992,12981.33984,12824.44043,12948.4502,12948.4502,4371940000
18/09/20,12937.59961,12962.63965,12779.40039,12833.57031,12833.57031,7068700000
21/09/20,12617.4502,12833.57031,12421.15039,12833.57031,12833.57031,4828350000
22/09/20,12575.19043,12636.20996,12502.25,12602.54004,12602.54004,3963300000
23/09/20,12630.53027,12657.2002,12355.42969,12359.16016,12359.16016,4364500000
24/09/20,12314.58008,12476.12988,12228.96973,12365.54004,12365.54004,4599470000
25/09/20,12293.88965,12507.92969,12281.98047,12485.37988,12485.37988,3792220000
28/09/20,12650.04981,12735.16016,12642.96973,12677.54004,12677.54004,3946060000
29/09/20,12660.92969,12688.7002,12562.53027,12602.63965,12602.63965,3651880000
30/09/20,12643.4502,12795.62988,12621.50977,12701.88965,12701.88965,4722530000
01/10/20,12759.66016,12792.62012,12656.30957,12726.83984,12726.83984,4070530000
02/10/20,12554.12012,12803.51953,12551.96973,12749.79004,12749.79004,3961550000
05/10/20,12842.49023,12957.55957,12842.49023,12949.65039,12949.65039,3686920000
06/10/20,12995.9502,13083.29981,12824.2002,12837.87988,12837.87988,4443380000
07/10/20,12950.55957,13073,12950.55957,13042.33008,13042.33008,3807830000
08/10/20,13116.12988,13191.00977,13100.96973,13190.58008,13190.58008,3856190000
09/10/20,13256.82031,13297,13207.58984,13252.62012,13252.62012,3939060000
12/10/20,13289.54981,13350.58984,13274.94043,13324.87012,13324.87012,3428970000
13/10/20,13271.25,13280.19043,13181.58984,13211.9502,13211.9502,3605150000
14/10/20,13222.36035,13267.16016,13135.90039,13143.16016,13143.16016,3840630000
15/10/20,12974.12988,13148.7002,12960.98047,13137.25,13137.25,3717640000
16/10/20,13183.61035,13241.53027,13164.54004,13169.32031,13169.32031,4675890000
19/10/20,13169.32031,13247.75,12999.41016,13018.50977,13018.50977,4086200000
20/10/20,13018.50977,13198.01953,13018.50977,13092.16016,13092.16016,3901260000
21/10/20,13092.16016,13153.41992,13039.34961,13040.12988,13040.12988,4097750000
22/10/20,13040.12988,13162.79981,13002.95996,13145.91992,13145.91992,4163630000
23/10/20,13145.91992,13215.58984,13117.82031,13199.86035,13199.86035,3646570000